Model,Params (M),Best PPL,Final PPL,Time (min)
Mamba-only,18.733696,84.31415078466054,191.95615724899793,1.2913541634877523
Transformer-only,14.163328,94.84200456514142,201.94501922776334,1.2840710639953614
Hybrid,29.135456,96.15562198268393,334.90783076967233,3.3020033756891887
Hybrid-NoMeta,29.11088,94.71790020262485,325.4462306525111,2.708640158176422
Hybrid-NoKVShare,21.911168,96.39372181543412,333.8028119952439,2.276361326376597
