Model,Best Val Loss,Best Val PPL,Final Val Loss,Final Val PPL,Train Speed (tok/s),Infer Speed (tok/s),Params (M),KV Reduction,Training Time (min)
Mamba-only,4.2294386562548185,68.67866900998753,5.2922543057224205,198.79105648736854,62260,86.09272257224933,82.534912,1.0,1.4034876624743144
Transformer-only (Global),4.332892258961995,76.16425506221272,4.849983541589034,127.73828745949683,53617,55.9918781617466,68.910592,1.0,1.6297247529029846
Transformer-only (Local),2.5431729283249167,12.719966551696583,3.3788610759534334,29.3373390776908,16064,15.176335403531183,68.910592,1.875,5.439537990093231
Hybrid (50/50),1.6486375039083916,5.199890168429169,1.6511410140154654,5.212924454947758,14812,14.49449515774154,66.662415,1.6666666666666667,5.899134171009064
Hybrid (Paper Setting),1.803768047115259,6.07248582207149,1.8040133777417635,6.073975771580308,14779,14.625426356592751,66.662415,1.6666666666666667,5.9124341130256655
