{
  "MinGRU-Triton+compile": {
    "train_loss": [
      2.0133534047385977,
      1.4129526830947503,
      1.2896220600769144,
      1.2096513305495795,
      1.1552534148986093,
      1.1207963084761188,
      1.098652124222537,
      1.0834172333703243,
      1.0720915301973148,
      1.063149261997404,
      1.055870527032077,
      1.0498691140723921,
      1.044862722268462,
      1.0404054697285738,
      1.0365084238893703,
      1.033032570305921,
      1.0299607421718404,
      1.027078627202658,
      1.0245090916957982,
      1.0222433818231609
    ],
    "val_loss": [
      1.634093159929328,
      1.541327200351505,
      1.5125274012941834,
      1.5064641658319247,
      1.5113966224390432,
      1.5161569386447242,
      1.529599666595459,
      1.5252269457239624,
      1.5384456307516186,
      1.539284454573185,
      1.5422380249434655,
      1.5470600915611337,
      1.5596214461764064,
      1.555735699080546,
      1.570085248815904,
      1.564201332560373,
      1.5760821776652554,
      1.5748385896376513,
      1.5732943650779374,
      1.5827033601769613
    ],
    "epoch_time": [
      69.8506669998169,
      48.0470826625824,
      46.17661452293396,
      46.33247923851013,
      46.58597540855408,
      46.755220890045166,
      46.39724040031433,
      46.666693449020386,
      46.309603691101074,
      46.341936349868774,
      46.21817922592163,
      46.456634759902954,
      46.44815516471863,
      46.38494539260864,
      46.458951473236084,
      46.485572814941406,
      46.74720025062561,
      46.74914765357971,
      46.52941656112671,
      46.649457693099976
    ],
    "vram_usage": [
      14.87502166265617,
      14.873236858984574,
      14.852164821439954,
      14.852164821439954,
      14.852164821439954,
      14.852164821439954,
      14.852164821439954,
      14.852164821439954,
      14.852164821439954,
      14.852164821439954,
      14.852164821439954,
      14.852164821439954,
      14.852164821439954,
      14.852164821439954,
      14.852164821439954,
      14.852164821439954,
      14.852164821439954,
      14.852164821439954,
      14.852164821439954,
      14.852164821439954
    ],
    "warmup_time": 9.382468461990356,
    "compile_time": 0.6877233982086182
  },
  "MinGRU-CUDA+compile": {
    "train_loss": [
      1.9904290023718119,
      1.4019596866659216,
      1.2835912565258558,
      1.2057288271137065,
      1.151166185622675,
      1.1176231227195852,
      1.0965333640241064,
      1.0818597988958325,
      1.0709236332009728,
      1.0625098968634248,
      1.0555212025372487,
      1.0498149391341611,
      1.0449383769456007,
      1.0406004736339602,
      1.0367661427016892,
      1.0334493619091105,
      1.0303712141629326,
      1.0276768572290353,
      1.0252097794013872,
      1.0228249564090595
    ],
    "val_loss": [
      1.6398799960766364,
      1.5454652681263215,
      1.5151266160361263,
      1.5077180949919815,
      1.5208299449824412,
      1.528200620904975,
      1.5423610057305852,
      1.5502077680115307,
      1.5563988967226186,
      1.5522689081113272,
      1.5557048801982074,
      1.5779585296954584,
      1.5722134753104744,
      1.5891004817201457,
      1.5874968176588007,
      1.5904742249655068,
      1.5918303121120558,
      1.5970156783357672,
      1.5990711390425305,
      1.581381465863744
    ],
    "epoch_time": [
      104.88054060935974,
      97.16295266151428,
      55.06117033958435,
      55.10347294807434,
      55.143218994140625,
      55.368247747421265,
      55.405487060546875,
      55.32208180427551,
      55.471577644348145,
      55.40300703048706,
      55.6617534160614,
      55.646947383880615,
      55.50033712387085,
      55.43669939041138,
      55.346062421798706,
      55.394120931625366,
      55.30425834655762,
      55.38333487510681,
      55.47863531112671,
      55.29788827896118
    ],
    "vram_usage": [
      47.35520705515362,
      47.35520705515362,
      47.37711447443906,
      47.37711447443906,
      47.37711447443906,
      47.37711447443906,
      47.37711447443906,
      47.37711447443906,
      47.37711447443906,
      47.37711447443906,
      47.37711447443906,
      47.37711447443906,
      47.37711447443906,
      47.37711447443906,
      47.37711447443906,
      47.37711447443906,
      47.37711447443906,
      47.37711447443906,
      47.37711447443906,
      47.37711447443906
    ],
    "warmup_time": 9.505852937698364,
    "compile_time": 0.0022344589233398438
  },
  "Mamba+compile": {
    "train_loss": [
      2.791946626329592,
      1.4447093594141118,
      1.3120636656112905,
      1.2258507505112433,
      1.1691869128303587,
      1.1344091564584058,
      1.1120418885239285,
      1.095831759786922,
      1.0832224595552802,
      1.0726762889660724,
      1.0635268100970015,
      1.055365326695148,
      1.0480910571237902,
      1.0417703360942236,
      1.0360895996492532,
      1.03112414562842,
      1.0266044493052255,
      1.0225062984279805,
      1.0189659477556803,
      1.0156841135219552
    ],
    "val_loss": [
      1.6836024418883366,
      1.5906753840796444,
      1.5506797925047917,
      1.5550736440431088,
      1.5586412622841126,
      1.5566077057374728,
      1.5591179684761467,
      1.5572710644214525,
      1.5592287319515823,
      1.5792248167029215,
      1.579025469241886,
      1.579259474343116,
      1.5973935742443854,
      1.5919492474389731,
      1.5907699728230817,
      1.5923243629823036,
      1.5958121637685583,
      1.5994909501403844,
      1.599078579233327,
      1.6017946680204584
    ],
    "epoch_time": [
      132.69468331336975,
      159.52832889556885,
      92.62819910049438,
      93.4644091129303,
      93.83432388305664,
      94.0040819644928,
      94.13345837593079,
      94.41296410560608,
      94.4909188747406,
      94.23714709281921,
      94.26664662361145,
      94.2470018863678,
      94.36850810050964,
      94.22395658493042,
      94.20819067955017,
      94.15456223487854,
      94.24856758117676,
      94.01957297325134,
      94.16722583770752,
      94.17773032188416
    ],
    "vram_usage": [
      47.51333249338666,
      47.51333249338666,
      47.536563077670834,
      47.536563077670834,
      47.536563077670834,
      47.536563077670834,
      47.536563077670834,
      47.536563077670834,
      47.536563077670834,
      47.536563077670834,
      47.536563077670834,
      47.536563077670834,
      47.536563077670834,
      47.536563077670834,
      47.536563077670834,
      47.536563077670834,
      47.536563077670834,
      47.536563077670834,
      47.536563077670834,
      47.536563077670834
    ],
    "warmup_time": 4.901112794876099,
    "compile_time": 0.0021736621856689453
  },
  "Transformer+compile": {
    "train_loss": [
      2.5211519607167534,
      1.4821499836560357,
      1.3400616009341157,
      1.2611217091485958,
      1.2052498046747584,
      1.1672523618656296,
      1.142146720076507,
      1.1248309758778192,
      1.1119500782828986,
      1.1019953664378934,
      1.0939023358550746,
      1.0872440621416402,
      1.0816083666258234,
      1.0767407540701166,
      1.0724762356566995,
      1.0687273212502892,
      1.065402949117751,
      1.0624039400481011,
      1.0595021303790617,
      1.0571233539299234
    ],
    "val_loss": [
      1.7123236229660315,
      1.5848131529781797,
      1.5674730708839697,
      1.5673135043284214,
      1.5637281662827238,
      1.5556400833873574,
      1.5592802139597202,
      1.5601456985561126,
      1.5646064729865539,
      1.5696804744934818,
      1.5681949372685284,
      1.5673537620710671,
      1.5694860854280104,
      1.5722705792943272,
      1.583507976400743,
      1.578927951121549,
      1.595289675467605,
      1.5904764297905318,
      1.5990993293053513,
      1.5938820046022397
    ],