seq_len,triton_ms,cuda_ms,flash_ms
64,0.06801482290029526,0.018551014363765717,0.07349871098995209
128,0.06980273872613907,0.0191502645611763,0.07289525121450424
256,0.06972309201955795,0.021998360753059387,0.07285196334123611
512,0.14638695865869522,0.051987841725349426,0.07318157702684402
1024,0.554007887840271,0.18545851111412048,0.09843729436397552
2048,1.0942669585347176,0.3662976995110512,0.29924672096967697
