seq_len,mingru_mb,flash_attn_mb
64,13.626953125,18.126953125
128,18.626953125,26.626953125
256,27.626953125,43.626953125
512,45.626953125,77.626953125
1024,81.626953125,145.626953125
2048,153.626953125,281.626953125
